{
    "root_group": {
        "name": "",
        "path": "",
        "id": "d41d8cd98f00b204e9800998ecf8427e",
        "groups": {},
        "checks": {
                "expected HTTP status": {
                    "path": "::expected HTTP status",
                    "id": "3277eb6f98e4e03576d2bbe690c267ac",
                    "passes": 2001,
                    "fails": 0,
                    "name": "expected HTTP status"
                },
                "correlation ID returned": {
                    "name": "correlation ID returned",
                    "path": "::correlation ID returned",
                    "id": "c5bd7454af08dc65088fd8030e96a0bd",
                    "passes": 2001,
                    "fails": 0
                }
            }
    },
    "metrics": {
        "http_req_duration{expected_response:true}": {
            "max": 12.669,
            "p(90)": 3.882,
            "p(95)": 4.164,
            "p(99)": 4.696,
            "avg": 2.9029230384807616,
            "min": 1.69,
            "med": 2.731
        },
        "data_sent": {
            "count": 508304,
            "rate": 25409.198347350357
        },
        "iterations": {
            "rate": 100.0263737705154,
            "count": 2001
        },
        "http_req_waiting": {
            "p(95)": 4.074,
            "p(99)": 4.568,
            "avg": 2.8296686656671657,
            "min": 1.651,
            "med": 2.658,
            "max": 12.64,
            "p(90)": 3.795
        },
        "fleetpulse_endpoint_latency": {
            "min": 1.69,
            "med": 2.731,
            "max": 12.669,
            "p(90)": 3.882,
            "p(95)": 4.164,
            "p(99)": 4.696,
            "avg": 2.9029230384807616
        },
        "http_req_sending": {
            "med": 0.02,
            "max": 2.694,
            "p(90)": 0.031,
            "p(95)": 0.036,
            "p(99)": 0.062,
            "avg": 0.023008995502249018,
            "min": 0.006
        },
        "vus": {
            "value": 1,
            "min": 1,
            "max": 1
        },
        "data_received": {
            "rate": 53849.28079987507,
            "count": 1077240
        },
        "http_req_failed": {
            "passes": 0,
            "fails": 2001,
            "value": 0
        },
        "http_req_blocked": {
            "med": 0.005,
            "max": 4.997,
            "p(90)": 0.008,
            "p(95)": 0.013,
            "p(99)": 1.999,
            "avg": 0.05582808595702175,
            "min": 0.002
        },
        "http_req_tls_handshaking": {
            "p(90)": 0,
            "p(95)": 0,
            "p(99)": 1.784,
            "avg": 0.043433283358320834,
            "min": 0,
            "med": 0,
            "max": 3.587
        },
        "checks": {
            "passes": 4002,
            "fails": 0,
            "value": 1
        },
        "fleetpulse_endpoint_errors": {
            "passes": 0,
            "fails": 2001,
            "value": 0
        },
        "iteration_duration": {
            "med": 3.017583,
            "max": 12.772417,
            "p(90)": 4.166,
            "p(95)": 4.522125,
            "p(99)": 5.175792,
            "avg": 3.16927607046477,
            "min": 1.830125
        },
        "http_req_receiving": {
            "p(90)": 0.073,
            "p(95)": 0.086,
            "p(99)": 0.123,
            "avg": 0.05024537731134455,
            "min": 0.016,
            "med": 0.045,
            "max": 1.249
        },
        "http_req_connecting": {
            "max": 0.369,
            "p(90)": 0,
            "p(95)": 0,
            "p(99)": 0.197,
            "avg": 0.0048070964517741115,
            "min": 0,
            "med": 0
        },
        "vus_max": {
            "value": 50,
            "min": 50,
            "max": 50
        },
        "http_reqs": {
            "count": 2001,
            "rate": 100.0263737705154
        },
        "http_req_duration": {
            "avg": 2.9029230384807616,
            "min": 1.69,
            "med": 2.731,
            "max": 12.669,
            "p(90)": 3.882,
            "p(95)": 4.164,
            "p(99)": 4.696
        },
        "fleetpulse_endpoint_requests": {
            "count": 2001,
            "rate": 100.0263737705154
        }
    }
}