{
    "metrics": {
        "http_req_failed": {
            "passes": 0,
            "fails": 31,
            "value": 0
        },
        "iteration_duration": {
            "min": 4.480792,
            "med": 5.995709,
            "max": 10.659209,
            "p(90)": 9.577833,
            "p(95)": 9.8572705,
            "p(99)": 10.4891462,
            "avg": 6.381798483870969
        },
        "http_req_blocked": {
            "avg": 1.0771935483870965,
            "min": 0.004,
            "med": 0.009,
            "max": 4.872,
            "p(90)": 4.412,
            "p(95)": 4.568,
            "p(99)": 4.8243
        },
        "checks": {
            "passes": 62,
            "fails": 0,
            "value": 1
        },
        "vus_max": {
            "value": 10,
            "min": 10,
            "max": 10
        },
        "data_received": {
            "count": 44596,
            "rate": 14834.610854254173
        },
        "http_req_tls_handshaking": {
            "max": 4.308,
            "p(90)": 3.825,
            "p(95)": 4.0889999999999995,
            "p(99)": 4.3014,
            "avg": 0.9049354838709677,
            "min": 0,
            "med": 0
        },
        "http_req_waiting": {
            "med": 5.159,
            "max": 6.5,
            "p(90)": 5.905,
            "p(95)": 5.9715,
            "p(99)": 6.3491,
            "avg": 4.895387096774192,
            "min": 2.06
        },
        "http_reqs": {
            "count": 31,
            "rate": 10.311977228493125
        },
        "http_req_receiving": {
            "avg": 0.0728709677419355,
            "min": 0.034,
            "med": 0.068,
            "max": 0.116,
            "p(90)": 0.105,
            "p(95)": 0.11099999999999999,
            "p(99)": 0.1154
        },
        "fleetpulse_endpoint_errors": {
            "passes": 0,
            "fails": 31,
            "value": 0
        },
        "vus": {
            "value": 0,
            "min": 0,
            "max": 0
        },
        "data_sent": {
            "rate": 7449.904580946194,
            "count": 22396
        },
        "http_req_duration{expected_response:true}": {
            "avg": 5.009806451612904,
            "min": 2.133,
            "med": 5.254,
            "max": 6.614,
            "p(90)": 6.04,
            "p(95)": 6.0915,
            "p(99)": 6.4592
        },
        "http_req_sending": {
            "avg": 0.041548387096774185,
            "min": 0.014,
            "med": 0.03,
            "max": 0.327,
            "p(90)": 0.069,
            "p(95)": 0.07499999999999998,
            "p(99)": 0.2522999999999999
        },
        "fleetpulse_endpoint_latency": {
            "med": 5.254,
            "max": 6.614,
            "p(90)": 6.04,
            "p(95)": 6.0915,
            "p(99)": 6.4592,
            "avg": 5.009806451612904,
            "min": 2.133
        },
        "http_req_duration": {
            "p(99)": 6.4592,
            "avg": 5.009806451612904,
            "min": 2.133,
            "med": 5.254,
            "max": 6.614,
            "p(90)": 6.04,
            "p(95)": 6.0915
        },
        "http_req_connecting": {
            "min": 0,
            "med": 0,
            "max": 0.469,
            "p(90)": 0.341,
            "p(95)": 0.4169999999999999,
            "p(99)": 0.4627,
            "avg": 0.09864516129032258
        },
        "fleetpulse_endpoint_requests": {
            "count": 31,
            "rate": 10.311977228493125
        },
        "iterations": {
            "count": 31,
            "rate": 10.311977228493125
        }
    },
    "root_group": {
        "groups": {},
        "checks": {
                "expected HTTP status": {
                    "name": "expected HTTP status",
                    "path": "::expected HTTP status",
                    "id": "3277eb6f98e4e03576d2bbe690c267ac",
                    "passes": 31,
                    "fails": 0
                },
                "correlation ID returned": {
                    "name": "correlation ID returned",
                    "path": "::correlation ID returned",
                    "id": "c5bd7454af08dc65088fd8030e96a0bd",
                    "passes": 31,
                    "fails": 0
                }
            },
        "name": "",
        "path": "",
        "id": "d41d8cd98f00b204e9800998ecf8427e"
    }
}