{
    "metrics": {
        "http_req_waiting": {
            "avg": 2.8495962018990486,
            "min": 1.561,
            "med": 2.662,
            "max": 13.129,
            "p(90)": 3.887,
            "p(95)": 4.156,
            "p(99)": 4.624
        },
        "vus_max": {
            "value": 50,
            "min": 50,
            "max": 50
        },
        "iterations": {
            "rate": 100.03639505027316,
            "count": 2001
        },
        "iteration_duration": {
            "p(95)": 4.548417,
            "p(99)": 5.153,
            "avg": 3.1945248230884467,
            "min": 1.755167,
            "med": 3.049125,
            "max": 13.25775,
            "p(90)": 4.256667
        },
        "http_req_blocked": {
            "avg": 0.05218840579710166,
            "min": 0.001,
            "med": 0.005,
            "max": 3.372,
            "p(90)": 0.009,
            "p(95)": 0.014,
            "p(99)": 1.86
        },
        "http_req_duration{expected_response:true}": {
            "avg": 2.9244332833583138,
            "min": 1.602,
            "med": 2.738,
            "max": 13.163,
            "p(90)": 3.985,
            "p(95)": 4.244,
            "p(99)": 4.701
        },
        "http_req_tls_handshaking": {
            "med": 0,
            "max": 2.709,
            "p(90)": 0,
            "p(95)": 0,
            "p(99)": 1.616,
            "avg": 0.04020189905047477,
            "min": 0
        },
        "fleetpulse_endpoint_latency": {
            "avg": 2.9244332833583138,
            "min": 1.602,
            "med": 2.738,
            "max": 13.163,
            "p(90)": 3.985,
            "p(95)": 4.244,
            "p(99)": 4.701
        },
        "data_sent": {
            "count": 508304,
            "rate": 25411.744002815616
        },
        "http_req_failed": {
            "passes": 0,
            "fails": 2001,
            "value": 0
        },
        "vus": {
            "value": 0,
            "min": 0,
            "max": 0
        },
        "http_req_sending": {
            "max": 0.268,
            "p(90)": 0.032,
            "p(95)": 0.038,
            "p(99)": 0.064,
            "avg": 0.0220229885057472,
            "min": 0.005,
            "med": 0.02
        },
        "http_req_receiving": {
            "p(90)": 0.076,
            "p(95)": 0.09,
            "p(99)": 0.141,
            "avg": 0.05281409295352358,
            "min": 0.014,
            "med": 0.048,
            "max": 0.293
        },
        "http_reqs": {
            "rate": 100.03639505027316,
            "count": 2001
        },
        "http_req_connecting": {
            "p(90)": 0,
            "p(95)": 0,
            "p(99)": 0.177,
            "avg": 0.00435232383808096,
            "min": 0,
            "med": 0,
            "max": 0.261
        },
        "fleetpulse_endpoint_requests": {
            "count": 2001,
            "rate": 100.03639505027316
        },
        "data_received": {
            "count": 1077304,
            "rate": 53857.87532895526
        },
        "http_req_duration": {
            "p(99)": 4.701,
            "avg": 2.9244332833583138,
            "min": 1.602,
            "med": 2.738,
            "max": 13.163,
            "p(90)": 3.985,
            "p(95)": 4.244
        },
        "checks": {
            "passes": 4002,
            "fails": 0,
            "value": 1
        },
        "fleetpulse_endpoint_errors": {
            "passes": 0,
            "fails": 2001,
            "value": 0
        }
    },
    "root_group": {
        "groups": {},
        "checks": {
                "expected HTTP status": {
                    "passes": 2001,
                    "fails": 0,
                    "name": "expected HTTP status",
                    "path": "::expected HTTP status",
                    "id": "3277eb6f98e4e03576d2bbe690c267ac"
                },
                "correlation ID returned": {
                    "name": "correlation ID returned",
                    "path": "::correlation ID returned",
                    "id": "c5bd7454af08dc65088fd8030e96a0bd",
                    "passes": 2001,
                    "fails": 0
                }
            },
        "name": "",
        "path": "",
        "id": "d41d8cd98f00b204e9800998ecf8427e"
    }
}