{
    "root_group": {
        "path": "",
        "id": "d41d8cd98f00b204e9800998ecf8427e",
        "groups": {},
        "checks": {
                "expected HTTP status": {
                    "passes": 30,
                    "fails": 0,
                    "name": "expected HTTP status",
                    "path": "::expected HTTP status",
                    "id": "3277eb6f98e4e03576d2bbe690c267ac"
                },
                "correlation ID returned": {
                    "name": "correlation ID returned",
                    "path": "::correlation ID returned",
                    "id": "c5bd7454af08dc65088fd8030e96a0bd",
                    "passes": 30,
                    "fails": 0
                }
            },
        "name": ""
    },
    "metrics": {
        "http_req_failed": {
            "passes": 0,
            "fails": 30,
            "value": 0
        },
        "checks": {
            "passes": 60,
            "fails": 0,
            "value": 1
        },
        "fleetpulse_endpoint_latency": {
            "med": 6.489000000000001,
            "max": 11.276,
            "p(90)": 9.6992,
            "p(95)": 9.8962,
            "p(99)": 10.881599999999999,
            "avg": 6.7885,
            "min": 3.597
        },
        "http_req_sending": {
            "avg": 0.035733333333333346,
            "min": 0.02,
            "med": 0.032,
            "max": 0.098,
            "p(90)": 0.0541,
            "p(95)": 0.05884999999999999,
            "p(99)": 0.08756
        },
        "http_req_receiving": {
            "med": 0.06,
            "max": 0.482,
            "p(90)": 0.14620000000000002,
            "p(95)": 0.2202999999999999,
            "p(99)": 0.4147199999999999,
            "avg": 0.08436666666666666,
            "min": 0.03
        },
        "iteration_duration": {
            "med": 7.433417,
            "max": 15.155083,
            "p(90)": 10.464683,
            "p(95)": 13.286064249999995,
            "p(99)": 15.08102425,
            "avg": 8.046942966666666,
            "min": 4.112
        },
        "http_reqs": {
            "count": 30,
            "rate": 9.99858686638955
        },
        "http_req_connecting": {
            "max": 0.296,
            "p(90)": 0.2372,
            "p(95)": 0.25384999999999996,
            "p(99)": 0.2873,
            "avg": 0.07253333333333334,
            "min": 0,
            "med": 0
        },
        "data_received": {
            "rate": 13716.061463313185,
            "count": 41154
        },
        "vus": {
            "value": 0,
            "min": 0,
            "max": 0
        },
        "http_req_blocked": {
            "avg": 0.814566666666667,
            "min": 0.004,
            "med": 0.0075,
            "max": 4.417,
            "p(90)": 3.0227000000000004,
            "p(95)": 3.2253499999999997,
            "p(99)": 4.094519999999999
        },
        "fleetpulse_endpoint_errors": {
            "passes": 0,
            "fails": 30,
            "value": 0
        },
        "iterations": {
            "count": 30,
            "rate": 9.99858686638955
        },
        "http_req_waiting": {
            "med": 6.407,
            "max": 11.096,
            "p(90)": 9.5308,
            "p(95)": 9.715200000000001,
            "p(99)": 10.7248,
            "avg": 6.6684,
            "min": 3.523
        },
        "fleetpulse_endpoint_requests": {
            "count": 30,
            "rate": 9.99858686638955
        },
        "http_req_duration{expected_response:true}": {
            "avg": 6.7885,
            "min": 3.597,
            "med": 6.489000000000001,
            "max": 11.276,
            "p(90)": 9.6992,
            "p(95)": 9.8962,
            "p(99)": 10.881599999999999
        },
        "http_req_duration": {
            "med": 6.489000000000001,
            "max": 11.276,
            "p(90)": 9.6992,
            "p(95)": 9.8962,
            "p(99)": 10.881599999999999,
            "avg": 6.7885,
            "min": 3.597
        },
        "http_req_tls_handshaking": {
            "max": 4.029,
            "p(90)": 1.9725000000000008,
            "p(95)": 2.9756,
            "p(99)": 3.7511799999999997,
            "avg": 0.6718,
            "min": 0,
            "med": 0
        },
        "data_sent": {
            "count": 45409,
            "rate": 15134.194367196102
        },
        "vus_max": {
            "min": 10,
            "max": 10,
            "value": 10
        }
    }
}